<application>
  <component name="libraryTable">
    <library name="Python 3.7 (3.9) interpreter library">
      <CLASSES>
        <root url="file:///Library/Frameworks/Python.framework/Versions/3.9/lib/python3.9" />
        <root url="file:///Library/Frameworks/Python.framework/Versions/3.9/lib/python3.9/lib-dynload" />
        <root url="file://$USER_HOME$/venv/3.9/lib/python3.9/site-packages" />
        <root url="file:///Library/Frameworks/Python.framework/Versions/3.9/lib/python3.9/site-packages" />
        <root url="file://$USER_HOME$/Library/Caches/IntelliJIdea2019.2/python_stubs/1441021661" />
        <root url="file://$APPLICATION_PLUGINS_DIR$/python/helpers/python-skeletons" />
        <root url="file://$APPLICATION_PLUGINS_DIR$/python/helpers/typeshed/stdlib/3" />
        <root url="file://$APPLICATION_PLUGINS_DIR$/python/helpers/typeshed/stdlib/2and3" />
        <root url="file://$APPLICATION_PLUGINS_DIR$/python/helpers/typeshed/third_party/3" />
        <root url="file://$APPLICATION_PLUGINS_DIR$/python/helpers/typeshed/third_party/2and3" />
      </CLASSES>
      <JAVADOC />
      <SOURCES>
        <root url="file:///Library/Frameworks/Python.framework/Versions/3.9/lib/python3.9" />
        <root url="file:///Library/Frameworks/Python.framework/Versions/3.9/lib/python3.9/lib-dynload" />
        <root url="file://$USER_HOME$/venv/3.9/lib/python3.9/site-packages" />
        <root url="file:///Library/Frameworks/Python.framework/Versions/3.9/lib/python3.9/site-packages" />
        <root url="file://$USER_HOME$/Library/Caches/IntelliJIdea2019.2/python_stubs/1441021661" />
        <root url="file://$APPLICATION_PLUGINS_DIR$/python/helpers/python-skeletons" />
        <root url="file://$APPLICATION_PLUGINS_DIR$/python/helpers/typeshed/stdlib/3" />
        <root url="file://$APPLICATION_PLUGINS_DIR$/python/helpers/typeshed/stdlib/2and3" />
        <root url="file://$APPLICATION_PLUGINS_DIR$/python/helpers/typeshed/third_party/3" />
        <root url="file://$APPLICATION_PLUGINS_DIR$/python/helpers/typeshed/third_party/2and3" />
      </SOURCES>
    </library>
    <library name="Python 3.7 interpreter library">
      <CLASSES />
      <JAVADOC />
      <SOURCES />
    </library>
  </component>
</application>