<application>
  <component name="FileTypeManager" version="17">
    <extensionMap>
      <mapping pattern="*.js.flow" type="Flow" />
      <mapping pattern="*.js.flow" type="Flow" />
      <mapping pattern="axiosInterceptors.ts" type="PLAIN_TEXT" />
      <mapping pattern="axiosInterceptors" type="TypeScript" />
      <mapping pattern="accordionList" type="TypeScript" />
      <mapping pattern="CaseListReducer" type="TypeScript" />
      <mapping pattern="UserProfileAction" type="TypeScript" />
      <mapping pattern="getDataReducer" type="TypeScript" />
      <mapping pattern="HeaderSection" type="TypeScript JSX" />
      <mapping pattern="Tasks" type="TypeScript JSX" />
      <mapping ext="tsk" type="TypeScript JSX" />
    </extensionMap>
  </component>
</application>