<application>
  <component name="FindSettings">
    <option name="customScope" value="All Places" />
    <option name="defaultScopeName" value="All Places" />
    <option name="SEARCH_SCOPE" value="All Places" />
    <mask>*.css</mask>
    <mask>*.html</mask>
    <mask>*.xml</mask>
    <mask>*.jsp</mask>
    <mask>*.properties</mask>
    <mask>*.java</mask>
    <mask>*.ts</mask>
    <mask>*.feature</mask>
    <mask>*.spec.js</mask>
    <mask>*.tsx,*.ts</mask>
    <mask>*.test.tsx</mask>
    <mask>*.tsx</mask>
  </component>
</application>